{"Freundesball": "{\"cluster\":{\"0\":0,\"1\":1,\"2\":2,\"3\":3,\"4\":4},\"anzahl\":{\"0\":3950,\"1\":1394,\"2\":2815,\"3\":2628,\"4\":455},\"anteil\":{\"0\":0.3513609678,\"1\":0.1239992884,\"2\":0.2504002846,\"3\":0.2337662338,\"4\":0.0404732254},\"farbe\":{\"0\":[76,173,100],\"1\":[11,10,12],\"2\":[210,204,206],\"3\":[47,52,46],\"4\":[205,90,44]}}", "Wiederball": "{\"cluster\":{\"0\":0,\"1\":1,\"2\":2,\"3\":3,\"4\":4},\"anzahl\":{\"0\":2332,\"1\":3133,\"2\":2605,\"3\":1301,\"4\":1844},\"anteil\":{\"0\":0.2079358003,\"1\":0.2793580027,\"2\":0.2322781988,\"3\":0.11600535,\"4\":0.1644226482},\"farbe\":{\"0\":[22,22,23],\"1\":[217,210,143],\"2\":[232,93,71],\"3\":[242,241,238],\"4\":[71,68,67]}}", "Tauchball": "{\"cluster\":{\"0\":0,\"1\":1,\"2\":2,\"3\":3,\"4\":4},\"anzahl\":{\"0\":3254,\"1\":3239,\"2\":2581,\"3\":808,\"4\":1323},\"anteil\":{\"0\":0.2904060687,\"1\":0.2890673806,\"2\":0.2303435966,\"3\":0.0721106649,\"4\":0.1180722892},\"farbe\":{\"0\":[227,236,240],\"1\":[32,31,32],\"2\":[109,183,226],\"3\":[85,126,162],\"4\":[16,78,131]}}", "Nestball": "{\"cluster\":{\"0\":0,\"1\":1,\"2\":2,\"3\":3,\"4\":4},\"anzahl\":{\"0\":1363,\"1\":3138,\"2\":1129,\"3\":3351,\"4\":2238},\"anteil\":{\"0\":0.1214903289,\"1\":0.2797040734,\"2\":0.100632855,\"3\":0.2986897228,\"4\":0.1994830199},\"farbe\":{\"0\":[241,239,237],\"1\":[126,151,109],\"2\":[8,8,9],\"3\":[196,169,142],\"4\":[46,46,45]}}", "Timerball": "{\"cluster\":{\"0\":0,\"1\":1,\"2\":2,\"3\":3,\"4\":4},\"anzahl\":{\"0\":3350,\"1\":2603,\"2\":1379,\"3\":1673,\"4\":2277},\"anteil\":{\"0\":0.2969331679,\"1\":0.2307215033,\"2\":0.122230101,\"3\":0.1482893104,\"4\":0.2018259174},\"farbe\":{\"0\":[243,243,243],\"1\":[24,25,25],\"2\":[222,82,62],\"3\":[184,171,177],\"4\":[73,68,68]}}", "Hyperball": "{\"cluster\":{\"0\":0,\"1\":1,\"2\":2,\"3\":3,\"4\":4},\"anzahl\":{\"0\":1630,\"1\":3972,\"2\":2261,\"3\":1276,\"4\":2089},\"anteil\":{\"0\":0.1451727823,\"1\":0.353758461,\"2\":0.2013715711,\"3\":0.1136444603,\"4\":0.1860527253},\"farbe\":{\"0\":[183,172,179],\"1\":[34,33,34],\"2\":[243,205,60],\"3\":[237,237,237],\"4\":[84,83,79]}}", "Flottball": "{\"cluster\":{\"0\":0,\"1\":1,\"2\":2,\"3\":3,\"4\":4},\"anzahl\":{\"0\":783,\"1\":3351,\"2\":1185,\"3\":2767,\"4\":3119},\"anteil\":{\"0\":0.0698795181,\"1\":0.2990629183,\"2\":0.1057563588,\"3\":0.2469433289,\"4\":0.2783578759},\"farbe\":{\"0\":[237,241,243],\"1\":[33,33,34],\"2\":[175,163,53],\"3\":[71,144,210],\"4\":[238,234,72]}}", "Heilball": "{\"cluster\":{\"0\":0,\"1\":1,\"2\":2,\"3\":3,\"4\":4},\"anzahl\":{\"0\":2493,\"1\":2056,\"2\":3418,\"3\":1282,\"4\":1980},\"anteil\":{\"0\":0.2220144269,\"1\":0.1830973373,\"2\":0.3043904177,\"3\":0.1141686704,\"4\":0.1763291477},\"farbe\":{\"0\":[27,27,27],\"1\":[250,241,192],\"2\":[237,186,213],\"3\":[111,155,204],\"4\":[183,153,139]}}", "Levelball": "{\"cluster\":{\"0\":0,\"1\":1,\"2\":2,\"3\":3,\"4\":4},\"anzahl\":{\"0\":1468,\"1\":2862,\"2\":2781,\"3\":3234,\"4\":899},\"anteil\":{\"0\":0.1305585201,\"1\":0.2545357524,\"2\":0.2473319104,\"3\":0.287620064,\"4\":0.0799537531},\"farbe\":{\"0\":[85,83,81],\"1\":[212,203,207],\"2\":[251,215,76],\"3\":[30,30,31],\"4\":[218,108,76]}}", "Traumball": "{\"cluster\":{\"0\":0,\"1\":1,\"2\":2,\"3\":3,\"4\":4},\"anzahl\":{\"0\":2020,\"1\":1280,\"2\":4508,\"3\":1447,\"4\":2022},\"anteil\":{\"0\":0.179125654,\"1\":0.1135053649,\"2\":0.399751707,\"3\":0.128314268,\"4\":0.1793030061},\"farbe\":{\"0\":[217,126,165],\"1\":[10,12,10],\"2\":[249,200,222],\"3\":[115,84,136],\"4\":[46,44,45]}}", "Sympaball": "{\"cluster\":{\"0\":0,\"1\":1,\"2\":2,\"3\":3,\"4\":4},\"anzahl\":{\"0\":1646,\"1\":3336,\"2\":2597,\"3\":1979,\"4\":1663},\"anteil\":{\"0\":0.1466892434,\"1\":0.2972997059,\"2\":0.231441048,\"3\":0.1763657428,\"4\":0.1482042599},\"farbe\":{\"0\":[181,169,176],\"1\":[34,32,33],\"2\":[211,73,147],\"3\":[249,246,247],\"4\":[251,181,207]}}", "Superball": "{\"cluster\":{\"0\":0,\"1\":1,\"2\":2,\"3\":3,\"4\":4},\"anzahl\":{\"0\":3318,\"1\":3961,\"2\":1373,\"3\":1239,\"4\":1712},\"anteil\":{\"0\":0.2859605274,\"1\":0.34137723,\"2\":0.118331466,\"3\":0.1067827286,\"4\":0.1475480479},\"farbe\":{\"0\":[32,131,176],\"1\":[34,33,34],\"2\":[237,240,242],\"3\":[228,84,61],\"4\":[184,170,176]}}", "Luxusball": "{\"cluster\":{\"0\":0,\"1\":1,\"2\":2,\"3\":3,\"4\":4},\"anzahl\":{\"0\":1500,\"1\":3260,\"2\":2787,\"3\":1529,\"4\":2394},\"anteil\":{\"0\":0.1307759372,\"1\":0.2842197036,\"2\":0.2429816914,\"3\":0.133304272,\"4\":0.2087183958},\"farbe\":{\"0\":[242,241,231],\"1\":[46,41,44],\"2\":[218,154,91],\"3\":[8,9,12],\"4\":[88,84,79]}}", "Mondball": "{\"cluster\":{\"0\":0,\"1\":1,\"2\":2,\"3\":3,\"4\":4},\"anzahl\":{\"0\":1377,\"1\":3313,\"2\":2392,\"3\":3246,\"4\":920},\"anteil\":{\"0\":0.1224217639,\"1\":0.2945412518,\"2\":0.2126600284,\"3\":0.2885846373,\"4\":0.0817923186},\"farbe\":{\"0\":[236,239,238],\"1\":[99,95,94],\"2\":[208,191,123],\"3\":[31,30,31],\"4\":[34,186,199]}}", "Koederball": "{\"cluster\":{\"0\":0,\"1\":1,\"2\":2,\"3\":3,\"4\":4},\"anzahl\":{\"0\":2141,\"1\":3808,\"2\":2351,\"3\":1243,\"4\":1762},\"anteil\":{\"0\":0.1893852278,\"1\":0.3368421053,\"2\":0.2079610792,\"3\":0.109951349,\"4\":0.1558602388},\"farbe\":{\"0\":[233,122,107],\"1\":[36,34,34],\"2\":[34,164,181],\"3\":[244,241,241],\"4\":[181,170,176]}}", "Schwerball": "{\"cluster\":{\"0\":0,\"1\":1,\"2\":2,\"3\":3,\"4\":4},\"anzahl\":{\"0\":1956,\"1\":1421,\"2\":2134,\"3\":4845,\"4\":1246},\"anteil\":{\"0\":0.1685916221,\"1\":0.122478883,\"2\":0.1839338045,\"3\":0.4176004137,\"4\":0.1073952767},\"farbe\":{\"0\":[54,55,58],\"1\":[237,237,238],\"2\":[20,20,19],\"3\":[150,152,158],\"4\":[14,84,164]}}", "Premierball": "{\"cluster\":{\"0\":0,\"1\":1,\"2\":2,\"3\":3,\"4\":4},\"anzahl\":{\"0\":5807,\"1\":2077,\"2\":1986,\"3\":779,\"4\":562},\"anteil\":{\"0\":0.517973419,\"1\":0.1852644724,\"2\":0.1771474445,\"3\":0.0694853269,\"4\":0.0501293373},\"farbe\":{\"0\":[244,243,244],\"1\":[17,19,19],\"2\":[184,173,179],\"3\":[233,81,57],\"4\":[99,74,72]}}", "Pokeball": "{\"cluster\":{\"0\":0,\"1\":1,\"2\":2,\"3\":3,\"4\":4},\"anzahl\":{\"0\":1663,\"1\":2101,\"2\":4861,\"3\":1287,\"4\":1316},\"anteil\":{\"0\":0.1481118632,\"1\":0.187121482,\"2\":0.4329355183,\"3\":0.1146241539,\"4\":0.1172069825},\"farbe\":{\"0\":[183,171,178],\"1\":[51,47,47],\"2\":[235,100,78],\"3\":[244,239,238],\"4\":[9,11,12]}}", "Finsterball": "{\"cluster\":{\"0\":0,\"1\":1,\"2\":2,\"3\":3,\"4\":4},\"anzahl\":{\"0\":3588,\"1\":2934,\"2\":482,\"3\":1255,\"4\":3064},\"anteil\":{\"0\":0.3168771527,\"1\":0.2591186081,\"2\":0.042568224,\"3\":0.1108363508,\"4\":0.2705996644},\"farbe\":{\"0\":[28,27,29],\"1\":[116,174,112],\"2\":[236,238,236],\"3\":[217,96,16],\"4\":[80,104,73]}}", "Netzball": "{\"cluster\":{\"0\":0,\"1\":1,\"2\":2,\"3\":3,\"4\":4},\"anzahl\":{\"0\":4444,\"1\":2076,\"2\":1642,\"3\":1943,\"4\":1274},\"anteil\":{\"0\":0.3905439845,\"1\":0.1824413393,\"2\":0.1443009052,\"3\":0.1707531418,\"4\":0.1119606292},\"farbe\":{\"0\":[35,34,34],\"1\":[65,170,171],\"2\":[183,173,180],\"3\":[75,84,85],\"4\":[238,242,242]}}", "Meisterball": "{\"cluster\":{\"0\":0,\"1\":1,\"2\":2,\"3\":3,\"4\":4},\"anzahl\":{\"0\":1706,\"1\":3648,\"2\":1712,\"3\":3027,\"4\":1694},\"anteil\":{\"0\":0.1447357258,\"1\":0.3094935098,\"2\":0.1452447612,\"3\":0.2568083482,\"4\":0.143717655},\"farbe\":{\"0\":[206,87,153],\"1\":[32,31,32],\"2\":[244,241,243],\"3\":[112,90,150],\"4\":[185,172,182]}}", "Ultraball": "{\"cluster\":{\"0\":0,\"1\":1,\"2\":2,\"3\":3,\"4\":4},\"anzahl\":{\"0\":2821,\"1\":1869,\"2\":3165,\"3\":2242,\"4\":2605},\"anteil\":{\"0\":0.2220910093,\"1\":0.1471421823,\"2\":0.2491733585,\"3\":0.1765076366,\"4\":0.2050858133},\"farbe\":{\"0\":[172,221,243],\"1\":[67,50,98],\"2\":[58,103,170],\"3\":[214,197,101],\"4\":[22,20,21]}}",